450,4.089523601165798e-169
520,2.4582714081859077e-111
590,9.84475711698309e-78
660,7.337340938474326e-57
730,3.3033546403869837e-43
800,6.783343105228551e-34
870,2.5485015468730886e-27
940,1.5313993102801786e-22
1010,5.568485193347768e-19
1080,2.8598375241301973e-16
1150,3.622397852229325e-14
1220,1.6496492113329555e-12
1290,3.506902495553467e-11
1360,4.1864817302514903e-10
1430,3.206746418161454e-9
1500,1.7380253684097417e-8
1570,7.1694435343648e-8
1640,2.3783716103500204e-7
1710,6.618389420390628e-7
1780,1.5961886335482844e-6
1850,3.4227446544434593e-6
1920,6.658806012689217e-6
1990,0.000011943954928961286
2060,0.00002001059725835277
2130,0.00003164445022985283
2200,0.00004764203499625949
2270,0.00006877115407229382
2340,0.00009573833667342645
2410,0.00012916512970176142
2480,0.0001695734457953429
2550,0.00021737904569224553
2620,0.0002728916155809635
2690,0.00033631979745487976
2760,0.00040777953243126844
2830,0.00048730436044995817
2900,0.0005748565885332726
2970,0.0006703385606824989
3040,0.000773603373762598
3110,0.0008844648755807399
3180,0.0010027064993608018
3250,0.0011280891265275854
3320,0.0012603578183110233
3390,0.0013992473788698152
3460,0.0015444872449052285
3530,0.0016958051359794782
3600,0.0018529303715754523
3670,0.002015596130200325
3740,0.002183541502275226
3810,0.002356512859129083
3880,0.002534264853983231
3950,0.0027165612221114405
4020,0.002903175191505354
4090,0.00309388990450381
4160,0.0032884982609614464
4230,0.0034868028549546732
4300,0.0036886163154830564
4370,0.003893760464969016
4440,0.004102066437420176
4510,0.004313374094816236
4580,0.004527532100371927
4650,0.004744397013264196
4720,0.004963833314235104
4790,0.005185712863626068
4860,0.005409914575455642
4930,0.005636324020952912
5000,0.00586483322335567
5070,0.006095339916855806
5140,0.006327747733991845
5210,0.006561965529564266
5280,0.006797906972110057
5350,0.007035490970577596
5420,0.007274640490411396
5490,0.007515282579891779
5560,0.00775734865775773
5630,0.008000773481447005
5700,0.008245495611285531
5770,0.008491456675749224
5840,0.008738601423415272
5910,0.00898687754243338
5980,0.009236235723223404
6050,0.009486628659449915
6120,0.00973801220270116
6190,0.009990343600167801
6260,0.010243583364254523
6330,0.010497692881363574
6400,0.010752636570422094
6470,0.011008379704174046
6540,0.011264889633473177
6610,0.011522135431199582
6680,0.011780087698884268
6750,0.012038718086226238
6820,0.012298000379010745
6890,0.012557908465513872
6960,0.012818418236678846
7030,0.013079507210261809
7100,0.013341152469721063
7170,0.013603333691126011
7240,0.013866030208987442
7310,0.014129223698860926
7380,0.014392895535676782